<?xml version="1.0" encoding="utf-8"?>
<odoo>

    <data noupdate="0">

        <record id="hr_rule_basic" model="hr.salary.rule">
            <field name="name">Basic Salary</field>
            <field name="sequence" eval="1"/>
            <field name="code">BASIC</field>
            <field name="category_id" ref="om_hr_payroll.BASIC"/>
            <field name="condition_select">none</field>
            <field name="amount_select">code</field>
            <field name="amount_python_compute">result = contract.wage</field>
        </record>

        <record id="hr_rule_taxable" model="hr.salary.rule">
            <field name="name">Gross</field>
            <field name="sequence" eval="100"/>
            <field name="code">GROSS</field>
            <field name="category_id" ref="om_hr_payroll.GROSS"/>
            <field name="condition_select">none</field>
            <field name="amount_select">code</field>
            <field name="amount_python_compute">result = categories.BASIC + categories.ALW</field>
        </record>

<!--        <record id="hr_rule_unpaid" models="hr.salary.rule">-->
<!--            <field name="name">Unpaid Leave</field>-->
<!--            <field name="sequence" eval="100"/>-->
<!--            <field name="code">UNP</field>-->
<!--            <field name="category_id" ref="om_hr_payroll.DED"/>-->
<!--            <field name="condition_select">none</field>-->
<!--            <field name="amount_select">code</field>-->
<!--            <field name="amount_python_compute">result=-(contract.wage / worked_days.WORK100.number_of_days) *-->
<!--                worked_days.Unpaid.number_of_days-->
<!--            </field>-->
<!--        </record>-->

        <record id="hr_rule_hra" model="hr.salary.rule">
            <field name="name">House Rent Allowance</field>
            <field name="sequence" eval="3"/>
            <field name="code">HRA</field>
            <field name="category_id" ref="om_hr_payroll.ALW"/>
            <field name="condition_select">none</field>
            <field name="amount_select">code</field>
            <field name="amount_python_compute">result = contract.hra</field>
            <field name="amount_percentage">30</field>
        </record>

        <record id="hr_rule_da" model="hr.salary.rule">
            <field name="name">Dearness Allowance</field>
            <field name="sequence" eval="5"/>
            <field name="code">DA</field>
            <field name="category_id" ref="om_hr_payroll.ALW"/>
            <field name="condition_select">none</field>
            <field name="amount_select">code</field>
            <field name="amount_python_compute">result = contract.da</field>
        </record>

        <record id="hr_rule_travel" model="hr.salary.rule">
            <field name="name">Travel Allowance</field>
            <field name="sequence" eval="7"/>
            <field name="code">Travel</field>
            <field name="category_id" ref="om_hr_payroll.ALW"/>
            <field name="condition_select">none</field>
            <field name="amount_select">code</field>
            <field name="amount_python_compute">result = contract.travel_allowance</field>
        </record>

        <record id="hr_rule_meal" model="hr.salary.rule">
            <field name="name">Meal Allowance</field>
            <field name="sequence" eval="9"/>
            <field name="code">Meal</field>
            <field name="category_id" ref="om_hr_payroll.ALW"/>
            <field name="condition_select">none</field>
            <field name="amount_select">code</field>
            <field name="amount_python_compute">result = contract.meal_allowance</field>
        </record>

        <record id="hr_rule_medical" model="hr.salary.rule">
            <field name="name">Medical Allowance</field>
            <field name="sequence" eval="11"/>
            <field name="code">Medical</field>
            <field name="category_id" ref="om_hr_payroll.ALW"/>
            <field name="condition_select">none</field>
            <field name="amount_select">code</field>
            <field name="amount_python_compute">result = contract.medical_allowance</field>
        </record>

        <record id="hr_rule_net" model="hr.salary.rule">
            <field name="name">Net Salary</field>
            <field name="sequence" eval="200"/>
            <field name="code">NET</field>
            <field name="category_id" ref="om_hr_payroll.NET"/>
            <field name="condition_select">none</field>
            <field name="amount_select">code</field>
            <field name="amount_python_compute">result = categories.BASIC + categories.ALW + categories.DED</field>
            <field name="register_id" ref="contrib_register_employees"/>
        </record>

        <!-- Salary Structure -->

        <record id="structure_base" model="hr.payroll.structure">
            <field name="code">BASE</field>
            <field name="name">Base for new structures</field>
            <field eval="[(6, 0, [ref('hr_rule_basic'), ref('hr_rule_taxable'),ref('hr_rule_net')])]" name="rule_ids"/>
            <field name="company_id" ref="base.main_company"/>
        </record>

        <!-- Decimal Precision -->

        <record forcecreate="True" id="decimal_payroll" model="decimal.precision">
            <field name="name">Payroll</field>
            <field name="digits">2</field>
        </record>

        <record forcecreate="True" id="decimal_payroll_rate" model="decimal.precision">
            <field name="name">Payroll Rate</field>
            <field name="digits">4</field>
        </record>

    </data>
</odoo>
